{
  "criminal": {
    "cluster_0": 0.06416208661443487,
    "cluster_1": 0.3698902170148721,
    "cluster_2": 0.15040144469626046,
    "cluster_3": 0.09755313242845785,
    "cluster_4": 0.17116047100869636,
    "cluster_5": 0.14683264823727837
  },
  "civil": {
    "cluster_0": 0.06639092961322028,
    "cluster_1": 0.41794729563039607,
    "cluster_2": 0.03797479285118267,
    "cluster_3": 0.13471851004685526,
    "cluster_4": 0.22181890453339934,
    "cluster_5": 0.12114956732494647
  }
}